years,in_median,in_mean,in_min,in_max
2021,1.0,1.0,1.0,1.0
2020,0.9384313725490196,0.9301287034649093,0.8175182481751825,0.9948051948051948
2019,0.8886153846153846,0.8783434855659261,0.7966631908237748,0.9488636363636364
2018,0.8207792207792208,0.8211263784662913,0.6840458811261731,0.8769230769230769
2017,0.7312614259597806,0.7204687691150099,0.6159420289855072,0.8266233766233766
2016,0.6800603318250378,0.6678987793468782,0.49728260869565216,0.7386363636363636
