years,pct_median,pct_mean,pct_min,pct_max
2020,-0.07745134676536836,-0.08515149126855204,-0.14015997853508277,-0.05665987441487186
2019,-0.04735127826941987,-0.05377613960975232,-0.07911624852958354,-0.034046865121791337
2018,-0.06594038837879379,-0.0754621740169776,-0.17516398517105003,-0.019476212098304302
2017,-0.10991782346527412,-0.10589358163554219,-0.11864938887748677,-0.08596744336725182
2016,-0.06873085917610777,-0.07311839650719762,-0.14818009094431195,0.007986472918702026
