years,in_median,in_mean,in_min,in_max
2021,1.0,1.0,1.0,1.0
2020,0.9047619047619048,0.8988291417781937,0.8445945945945946,0.9356435643564357
2019,0.8648648648648649,0.8722438734358005,0.85,0.9133663366336634
2018,0.8165680473372781,0.815410159043161,0.7094594594594594,0.9158415841584159
2017,0.7236842105263158,0.7114224284976279,0.5844594594594594,0.7920792079207921
2016,0.6633663366336634,0.6605545008759824,0.6351351351351351,0.6845238095238095
