years,pct_median,pct_mean,pct_min,pct_max
2020,-0.07077006496393956,-0.07200689653358903,-0.11989769226297742,-0.021968457142857223
2019,-0.08158487168566098,-0.06554641820487866,-0.11784767980479938,0.028034505017351385
2018,-0.05074800046362493,-0.06513145848318735,-0.1343985848972966,-0.028718926382762744
2017,-0.0903385175041529,-0.11058548602636815,-0.2030728750268903,-0.011754111713607629
2016,-0.0674592877880833,-0.08226532060159034,-0.22204927027112875,-0.02616200639413102
